"Team","First_Season","Last_Season","Number_Of_Seasons","Games_Played","Wins","Losses","Ties","Winning_Pct","Bowl_Games_Played","Bowl_Wins","Bowl_Losses","Bowl_Ties","Bowl_Winning_Pct","Simple_Rating_System","Strength_Of_Schedule","Number_Of_Seasons_Ranked_In_AP_Final_Poll","Conference_Championships","Notes"
"air-force",1957,2023,67,779,427,340,12,0.556,30,16,13,1,0.55,1.35,-0.84,7,3,""
"akron",1975,2023,38,437,157,277,3,0.363,3,1,2,0,0.333,-12.18,-6.66,0,1,""
"alabama",1902,2023,120,1332,979,311,42,0.751,77,46,28,3,0.617,13.85,4.29,60,30,"record adjusted to 950-320-41 by NCAA"
"alabama-birmingham",1996,2023,26,309,140,169,0,0.453,6,3,3,0,0.5,-6.16,-4.28,0,2,""
"alameda-coast-guard",1943,1944,2,15,8,4,3,0.633,0,0,0,0,0,-0.16,-5.13,0,0,""
"alcorn-state",1977,1977,1,11,3,8,0,0.273,0,0,0,0,0,-17.1,-9.19,0,0,""
"amarillo-field",1944,1944,1,8,5,3,0,0.625,0,0,0,0,0,5.1,-1.78,0,0,""
"amherst",1877,1906,25,239,108,109,22,0.498,0,0,0,0,0,-1.08,-0.09,0,0,""
"appalachian-state",1972,2023,20,240,144,91,5,0.61,8,7,1,0,0.875,-0.9,-6.16,1,4,""
"arizona",1931,2023,90,986,506,456,23,0.525,21,10,10,1,0.5,1.41,0.68,7,6,""
"arizona-state",1931,2023,90,997,592,381,18,0.606,33,15,17,1,0.47,3.39,-1.2,17,17,"record adjusted to 587-386-18 by NCAA"
"arkansas",1906,2023,118,1261,706,516,37,0.575,44,17,24,3,0.42,6.43,3.1,29,14,"record adjusted to 707-515-37 by NCAA"
"arkansas-state",1974,2023,42,492,216,274,2,0.441,11,4,7,0,0.364,-9.04,-6.56,0,7,"record adjusted to 206-274-2 by NCAA"
"army",1891,2023,130,1303,713,538,51,0.567,10,7,3,0,0.7,3.28,-0.31,15,0,""
"auburn",1902,2023,121,1280,773,461,43,0.622,47,24,21,2,0.532,8.84,4.59,40,8,"record adjusted to 776-459-42 by NCAA"
"ball-state",1975,2023,49,564,273,287,4,0.488,9,1,8,0,0.111,-7.92,-7.09,1,6,""
"bates",1901,1905,3,21,10,8,3,0.548,0,0,0,0,0,-0.94,-1.28,0,0,""
"baylor",1903,2023,118,1254,618,593,41,0.51,27,14,13,0,0.519,2.78,2.7,16,9,"record adjusted to 618-593-40 by NCAA"
"beloit",1894,1905,9,85,39,36,10,0.518,0,0,0,0,0,-1.3,-1.39,0,0,""
"birmingham-southern",1920,1924,4,36,16,17,3,0.486,0,0,0,0,0,-5.29,-4.68,0,0,""
"boise-state",1996,2023,28,356,271,85,0,0.761,21,13,8,0,0.619,5.96,-4.03,13,15,"record adjusted to 272-84-0 by NCAA"
"boston-college",1901,2023,89,967,528,423,14,0.554,28,15,13,0,0.536,1.79,0,14,1,""
"boston-university",1923,1964,20,170,73,90,7,0.45,0,0,0,0,0,-6.91,-4.99,1,0,""
"bowdoin",1896,1905,7,66,33,30,3,0.523,0,0,0,0,0,-2.71,-2.47,0,0,""
"bowling-green-state",1962,2023,62,697,372,314,11,0.542,14,5,9,0,0.357,-5.41,-6.42,1,9,""
"bradley",1949,1951,3,29,14,15,0,0.483,0,0,0,0,0,-12.91,-12.75,0,0,""
"brigham-young",1922,2023,99,1086,616,443,26,0.58,40,17,22,1,0.438,-0.73,-3.05,19,23,""
"brown",1878,1981,93,858,431,392,35,0.523,1,0,1,0,0,-2.89,-3.54,0,1,""
"bucknell",1888,1946,40,357,168,157,32,0.515,1,1,0,0,1,-2.93,-2.85,0,0,""
"buffalo",1962,2023,34,384,149,230,4,0.394,6,3,3,0,0.5,-10.06,-7.09,1,1,""
"butler",1932,1933,2,15,4,10,1,0.3,0,0,0,0,0,-16.48,-10.26,0,0,""
"cal-state-fullerton",1975,1992,18,205,76,127,2,0.376,1,0,1,0,0,-12.72,-7.22,0,2,"record adjusted to 79-124-2 by NCAA"
"cal-state-los-angeles",1969,1971,3,29,3,26,0,0.103,0,0,0,0,0,-27.59,-9.75,0,0,""
"california",1916,2023,108,1172,595,543,31,0.522,25,12,12,1,0.5,5.2,4.02,14,13,"record adjusted to 592-542-31 by NCAA"
"california-santa-barbara",1969,1971,3,32,11,21,0,0.344,0,0,0,0,0,-13.35,-7.22,0,0,""
"camp-grant",1943,1943,1,10,2,6,2,0.3,0,0,0,0,0,8.98,14.38,0,0,""
"carlisle",1896,1917,21,252,165,77,10,0.675,0,0,0,0,0,8.26,0.94,0,0,""
"carnegie-mellon",1910,1940,20,172,84,75,13,0.526,1,0,1,0,0,4.03,1.5,1,0,""
"centenary-la",1930,1941,12,131,69,48,14,0.58,1,0,0,1,0.5,0.22,-1.79,0,0,""
"central-florida",1996,2023,28,345,198,147,0,0.574,15,6,9,0,0.4,0.1,-3.34,5,6,""
"central-michigan",1975,2023,49,568,302,255,11,0.541,13,4,9,0,0.308,-6.6,-7.7,1,7,""
"centre",1919,1935,8,74,51,20,3,0.709,3,2,1,0,0.667,9.14,-0.02,0,0,""
"charlotte",2015,2023,9,103,32,71,0,0.311,1,0,1,0,0,-13.49,-5.83,0,0,""
"chattanooga",1909,1981,22,218,105,100,13,0.511,0,0,0,0,0,-5.92,-6.18,0,3,""
"chicago",1892,1939,48,466,287,147,32,0.65,0,0,0,0,0,7.28,2.92,0,7,""
"cincinnati",1954,2023,70,793,397,382,12,0.509,19,8,11,0,0.421,-2.24,-2.28,8,10,""
"citadel",1909,1981,65,609,284,304,21,0.484,1,1,0,0,1,-7.47,-6.72,0,1,""
"clemson",1902,2023,122,1304,778,465,44,0.622,50,27,23,0,0.54,5.8,1.77,36,23,""
"coast-guard",1944,1945,2,17,6,10,1,0.382,0,0,0,0,0,-4.68,-1.1,0,0,""
"coastal-carolina",2017,2023,7,87,52,35,0,0.598,4,2,2,0,0.5,-2.98,-4.93,1,1,""
"coe",1905,1905,1,9,1,7,1,0.167,0,0,0,0,0,-18.57,-4.35,0,0,""
"colby",1904,1904,1,7,2,4,1,0.357,0,0,0,0,0,-5.3,1.55,0,0,""
"colgate",1905,1981,76,670,363,266,41,0.572,0,0,0,0,0,-0.87,-4.01,0,0,""
"colorado",1902,2023,122,1225,670,517,35,0.563,30,12,18,0,0.4,3.85,1.44,19,19,""
"colorado-college",1902,1945,39,296,169,109,18,0.601,0,0,0,0,0,-1.27,-4.88,1,2,""
"colorado-mines",1902,1937,36,239,98,128,13,0.437,0,0,0,0,0,-6.56,-4.56,0,3,""
"colorado-state",1902,2023,116,1155,531,592,31,0.474,17,6,11,0,0.353,-4.04,-2.96,3,15,"record adjusted to 532-591-31 by NCAA"
"columbia",1870,1981,84,699,282,382,35,0.428,1,1,0,0,1,-4.55,-1.67,2,1,""
"connecticut",1979,2023,25,290,113,175,2,0.393,7,3,4,0,0.429,-6.62,-2.56,0,2,""
"cornell",1888,1981,93,837,488,317,32,0.602,0,0,0,0,0,2.2,-2.18,5,1,""
"cornell-college",1903,1903,1,9,1,8,0,0.111,0,0,0,0,0,-14.48,-2.14,0,0,""
"creighton",1927,1942,16,139,61,70,8,0.468,0,0,0,0,0,-6.26,-5.08,0,1,""
"cumberland",1903,1905,2,13,7,5,1,0.577,0,0,0,0,0,5.07,-0.79,0,0,""
"dartmouth",1881,1981,93,795,502,258,35,0.653,0,0,0,0,0,3.5,-2.81,5,12,""
"davidson",1902,1973,66,601,248,312,40,0.447,1,0,1,0,0,-7.33,-5.96,0,1,""
"dayton",1956,1976,21,216,78,130,8,0.38,0,0,0,0,0,-13.09,-8.45,0,0,""
"del-monte-pre-flight",1943,1943,1,8,7,1,0,0.875,0,0,0,0,0,12.87,-6.25,1,0,""
"denver",1902,1960,59,520,259,228,33,0.53,2,0,2,0,0,-4.08,-4.86,0,6,""
"detroit-mercy",1927,1964,36,338,196,132,10,0.595,0,0,0,0,0,0.21,-4.25,0,3,""
"dickinson",1889,1910,18,173,84,79,10,0.514,0,0,0,0,0,-3.19,-3.54,0,0,""
"drake",1900,1985,73,666,316,326,24,0.492,3,2,1,0,0.667,-5.6,-5.7,0,7,""
"drury",1907,1907,1,5,1,4,0,0.2,0,0,0,0,0,-13.17,-3.97,0,0,""
"duke",1922,2023,102,1094,517,548,28,0.486,16,8,8,0,0.5,2.62,2.69,16,17,""
"duquesne",1933,1950,14,132,80,49,3,0.617,1,1,0,0,1,1.04,-2.38,3,0,""
"east-carolina",1965,2023,59,677,344,330,3,0.51,17,8,9,0,0.471,-2.72,-2.71,2,6,"record adjusted to 345-329-3 by NCAA"
"east-tennessee-state",1979,1981,3,33,15,18,0,0.455,0,0,0,0,0,-9.46,-8.43,0,0,""
"eastern-michigan",1975,2023,49,557,183,366,7,0.335,7,2,5,0,0.286,-14.05,-7.32,0,1,""
"erskine",1919,1936,5,39,12,27,0,0.308,0,0,0,0,0,-13.04,-5.98,0,0,""
"florida",1911,2023,111,1208,733,436,37,0.623,48,24,24,0,0.5,8.9,4.3,34,9,""
"florida-am",2004,2004,1,11,3,8,0,0.273,0,0,0,0,0,-21.65,-12.38,0,0,""
"florida-atlantic",2004,2023,20,240,105,137,0,0.434,5,4,1,0,0.8,-7.66,-5,0,3,""
"florida-international",2004,2023,20,235,81,154,0,0.345,5,2,3,0,0.4,-12.54,-6.41,0,1,""
"florida-state",1954,2023,70,834,556,260,16,0.678,49,29,18,2,0.612,10.87,3.88,34,16,"record adjusted to 545-259-16 by NCAA"
"fordham",1909,1954,25,213,126,70,17,0.631,2,1,1,0,0.5,3.6,-1.08,6,0,""
"fort-benning",1922,1922,1,10,5,5,0,0.5,0,0,0,0,0,-6.13,-4.03,0,0,""
"fort-riley",1943,1943,1,9,6,2,1,0.722,0,0,0,0,0,10.37,1.81,0,0,""
"fort-warren",1944,1944,1,10,5,4,1,0.55,0,0,0,0,0,-4.13,-3.83,0,0,""
"franklin-marshall",1889,1904,7,62,24,31,7,0.444,0,0,0,0,0,-6.27,-3.24,0,0,""
"fresno-state",1969,2023,55,670,386,273,4,0.585,26,14,12,0,0.538,-1.69,-5.33,4,13,"record adjusted to 389-270-4 by NCAA"
"furman",1902,1981,61,605,297,280,28,0.514,0,0,0,0,0,-6.16,-6.16,0,3,""
"george-washington",1908,1966,33,299,138,147,14,0.485,1,1,0,0,1,-4.59,-4.24,1,0,""
"georgetown",1902,1950,36,313,184,110,19,0.618,2,0,2,0,0,2.82,-2.36,1,0,""
"georgia",1902,2023,120,1312,855,406,50,0.671,62,38,21,3,0.637,10.63,4.84,41,14,""
"georgia-pre-flight",1942,1943,2,15,12,2,1,0.833,0,0,0,0,0,11.14,2.27,0,0,""
"georgia-southern",2014,2023,10,126,65,61,0,0.516,6,3,3,0,0.5,-3.39,-4.37,0,1,""
"georgia-state",2013,2023,11,134,51,83,0,0.381,6,4,2,0,0.667,-8.88,-4.19,0,0,""
"georgia-tech",1902,2023,122,1313,750,519,40,0.588,46,26,20,0,0.565,8.28,4.55,24,8,"record adjusted to 749-519-40 by NCAA"
"gonzaga",1922,1941,16,141,67,63,11,0.514,1,0,1,0,0,-2.55,-4.15,0,0,""
"grambling-state",1977,1977,1,11,10,1,0,0.909,0,0,0,0,0,6.73,-10,0,1,""
"great-lakes-navy",1918,1945,5,55,39,11,5,0.755,1,1,0,0,1,16.37,6.95,2,0,""
"grinnell",1899,1936,26,218,90,110,18,0.454,0,0,0,0,0,-6.86,-4.63,0,0,""
"hamilton",1907,1907,1,5,1,4,0,0.2,0,0,0,0,0,-10.59,3.81,0,0,""
"hampden-sydney",1922,1940,5,44,14,29,1,0.33,0,0,0,0,0,-12.35,-6.01,0,0,""
"hardin-simmons",1939,1962,21,218,113,96,9,0.539,6,4,2,0,0.667,-5.41,-6.96,1,3,""
"harvard",1875,1981,103,932,631,259,42,0.7,1,1,0,0,1,4.22,-2.09,0,5,""
"haskell",1902,1916,12,110,57,49,4,0.536,0,0,0,0,0,-1.71,-2.12,0,0,""
"haverford",1891,1891,1,6,0,6,0,0,0,0,0,0,0,-23.89,-1.73,0,0,""
"hawaii",1971,2023,51,626,311,309,6,0.502,14,8,6,0,0.571,-3.9,-3.32,2,4,""
"holy-cross",1899,1981,53,524,264,233,27,0.53,1,0,1,0,0,-2.94,-4.32,5,0,""
"houston",1949,2023,75,850,460,374,15,0.551,30,13,16,1,0.45,3.09,1.12,15,11,"record adjusted to 460-374-14 by NCAA"
"idaho",1917,2017,75,739,261,461,16,0.364,3,3,0,0,1,-8.52,-3.61,0,1,""
"idaho-state",1944,1944,1,9,4,5,0,0.444,0,0,0,0,0,-11.65,-7.09,0,0,""
"illinois",1892,2023,132,1299,622,624,49,0.499,20,8,12,0,0.4,5.9,5.21,13,15,""
"illinois-state",1975,1985,11,119,41,73,5,0.366,0,0,0,0,0,-15.36,-11.09,0,0,""
"indiana",1899,2023,125,1217,482,690,38,0.414,13,3,10,0,0.231,1.98,4.58,6,2,"record adjusted to 483-689-38 by NCAA"
"indiana-state",1975,1985,11,120,60,59,1,0.504,0,0,0,0,0,-10.06,-9.71,0,0,""
"iowa",1899,2023,125,1253,663,548,34,0.546,36,18,17,1,0.514,6.83,5.13,26,11,"record adjusted to 664-547-34 by NCAA"
"iowa-pre-flight",1942,1944,3,31,26,5,0,0.839,0,0,0,0,0,18.05,5.72,2,0,""
"iowa-state",1895,2023,126,1263,545,671,45,0.45,18,5,13,0,0.278,0.31,1.47,3,2,"record adjusted to 546-670-45 by NCAA"
"jackson-state",1977,1977,1,11,8,3,0,0.727,0,0,0,0,0,-1.31,-10.4,0,0,""
"jacksonville-naval-air-station",1942,1942,1,12,9,3,0,0.75,0,0,0,0,0,6.46,-3.13,0,0,""
"jacksonville-state",2023,2023,1,13,9,4,0,0.692,1,1,0,0,1,0.68,-6.01,0,0,""
"james-madison",2022,2023,2,24,19,5,0,0.792,1,0,1,0,0,6.95,-3.87,0,0,""
"kansas",1901,2023,123,1258,547,656,54,0.457,14,7,7,0,0.5,0.92,2.48,7,5,""
"kansas-state",1912,2023,112,1169,510,624,35,0.451,25,11,14,0,0.44,-0.05,2.01,14,4,"record adjusted to 511-624-34 by NCAA"
"kent-state",1962,2023,62,690,226,457,5,0.332,4,1,3,0,0.25,-12.44,-6.62,0,1,""
"kentucky",1915,2023,108,1142,528,578,36,0.478,23,12,11,0,0.522,3.89,3.96,10,2,"record adjusted to 529-577-36 by NCAA"
"knox",1899,1905,5,52,27,23,2,0.538,0,0,0,0,0,-1.9,-3.67,0,0,""
"lafayette",1882,1946,47,440,256,160,24,0.609,0,0,0,0,0,1.07,-2.53,0,0,""
"lake-forest",1893,1899,5,47,17,24,6,0.426,0,0,0,0,0,-7.97,-3.29,0,0,""
"lamar",1973,1981,9,97,33,60,4,0.361,0,0,0,0,0,-12.77,-7.68,0,0,""
"lawrence",1905,1905,1,10,7,3,0,0.7,0,0,0,0,0,3.09,-1.91,0,0,""
"lehigh",1884,1965,43,412,195,197,20,0.498,0,0,0,0,0,-2.98,-2.44,0,0,""
"liberty",2018,2023,6,76,53,23,0,0.697,5,3,2,0,0.6,-0.4,-6.82,1,1,""
"lombard",1903,1903,1,8,5,3,0,0.625,0,0,0,0,0,-2.35,-2.72,0,0,""
"long-beach-state",1969,1991,23,257,129,126,2,0.506,1,0,0,1,0.5,-7.67,-7.16,0,3,"record adjusted to 130-125-2 by NCAA"
"louisiana-lafayette",1973,2023,51,592,272,315,5,0.464,11,7,4,0,0.636,-8.23,-5.88,2,6,"record adjusted to 250-315-5 by NCAA"
"louisiana-monroe",1975,2023,37,428,149,277,2,0.35,1,0,1,0,0,-11.6,-5.19,0,1,""
"louisiana-state",1902,2023,119,1283,813,421,47,0.653,55,30,24,1,0.555,9.99,4.52,43,12,"record adjusted to 778-417-47 by NCAA"
"louisiana-tech",1975,2023,43,506,253,246,7,0.507,13,8,4,1,0.654,-4.45,-4.71,0,4,"record adjusted to 254-245-7 by NCAA"
"louisville",1962,2023,62,719,385,326,7,0.541,25,11,13,1,0.46,-0.46,-1.72,11,8,"record adjusted to 387-324-7 by NCAA"
"loyola-la",1934,1936,3,28,10,17,1,0.375,0,0,0,0,0,-6.61,-3.13,0,0,""
"loyola-marymount",1933,1951,13,127,66,57,4,0.535,0,0,0,0,0,-2.09,-4.02,0,0,""
"lubbock-field",1944,1944,1,9,5,4,0,0.556,0,0,0,0,0,-1.45,-3.01,0,0,""
"maine",1904,1905,2,16,8,7,1,0.531,0,0,0,0,0,-0.56,-0.88,0,0,""
"manhattan",1936,1942,7,63,30,31,2,0.492,0,0,0,0,0,-0.84,0.07,0,0,""
"march-field",1943,1944,2,21,16,3,2,0.81,0,0,0,0,0,5.33,-5.69,2,0,""
"mare-island-marines",1917,1918,2,19,18,1,0,0.947,2,1,1,0,0.5,13.72,-5.57,0,0,""
"marquette",1927,1960,34,306,131,160,15,0.453,1,0,1,0,0,-0.76,0.34,1,0,""
"marshall",1962,2023,47,550,261,284,3,0.479,19,13,6,0,0.684,-7.82,-5.97,3,6,""
"maryland",1917,2023,107,1150,585,534,30,0.522,30,14,14,2,0.5,2.49,1.82,18,11,""
"maryville-tn",1906,1907,2,13,3,8,2,0.308,0,0,0,0,0,-9.89,0.71,0,0,""
"massachusetts",1882,2023,26,252,71,175,6,0.294,0,0,0,0,0,-11.42,-3.8,0,0,""
"mcneese-state",1975,1981,7,82,57,21,2,0.725,3,1,2,0,0.333,-1.17,-7.87,0,3,""
"memphis",1960,2023,64,724,357,358,8,0.499,15,7,8,0,0.467,-0.84,-1.63,3,5,"record adjusted to 358-357-8 by NCAA"
"mercer",1909,1936,15,138,55,74,9,0.431,0,0,0,0,0,-3.92,-2.03,0,0,""
"merchant-marine",1945,1947,3,30,11,19,0,0.367,0,0,0,0,0,-13.91,-8.35,0,0,""
"miami-fl",1936,2023,87,981,614,353,12,0.633,42,19,23,0,0.452,8.68,3.56,33,9,""
"miami-oh",1962,2023,62,703,384,301,15,0.559,13,6,7,0,0.462,-3.68,-5.94,4,11,"record adjusted to 385-300-15 by NCAA"
"michigan",1881,2023,134,1380,978,345,35,0.733,52,23,29,0,0.442,13.84,5.06,63,45,""
"michigan-state",1918,2023,99,1055,607,405,30,0.597,30,14,16,0,0.467,8.97,4.88,28,9,"record adjusted to 602-410-30 by NCAA"
"middle-tennessee-state",1999,2023,25,303,147,156,0,0.485,10,4,6,0,0.4,-6.65,-5.8,0,2,""
"millsaps",1924,1924,1,9,3,5,1,0.389,0,0,0,0,0,-10.12,-7.78,0,0,""
"minnesota",1892,2023,132,1295,717,534,42,0.571,24,12,12,0,0.5,8.18,4.85,15,18,""
"mississippi",1902,2023,118,1246,679,528,34,0.561,41,26,15,0,0.634,4.99,2.86,26,6,"record adjusted to 650-524-34 by NCAA"
"mississippi-college",1911,1924,10,81,38,37,6,0.506,0,0,0,0,0,-3.35,-2.44,0,0,""
"mississippi-state",1902,2023,119,1220,603,579,37,0.51,26,15,11,0,0.577,3.46,3.07,15,1,"record adjusted to 586-597-36 by NCAA"
"mississippi-valley-state",1977,1977,1,10,5,5,0,0.5,0,0,0,0,0,-11.39,-10.79,0,0,""
"missouri",1901,2023,122,1271,663,558,50,0.541,36,16,20,0,0.444,4.84,3.22,18,12,"record adjusted to 665-556-50 by NCAA"
"mit",1882,1899,12,77,27,48,2,0.364,0,0,0,0,0,-5.2,0.64,0,0,""
"montana",1917,1962,38,332,123,199,10,0.386,0,0,0,0,0,-8.86,-4.6,0,0,""
"montana-state",1923,1947,17,140,65,66,9,0.496,1,0,0,1,0.5,-7.34,-6.98,0,2,""
"nashville",1904,1904,1,9,1,7,1,0.167,0,0,0,0,0,-6.15,4.4,0,0,""
"navy",1891,2023,130,1340,705,581,52,0.546,24,12,11,1,0.521,3.83,1.38,14,0,""
"nebraska",1900,2023,124,1331,882,399,38,0.683,53,26,27,0,0.491,10.5,3.75,48,43,"record adjusted to 883-399-37 by NCAA"
"nevada",1946,2023,37,439,232,207,0,0.528,19,7,12,0,0.368,-4.23,-5.56,1,7,""
"nevada-las-vegas",1978,2023,46,535,199,332,3,0.375,5,3,2,0,0.6,-9.32,-3.93,0,1,"record adjusted to 181-350-3 by NCAA"
"new-hampshire",1904,1905,2,15,4,9,2,0.333,0,0,0,0,0,-10.04,-4.12,0,0,""
"new-mexico",1931,2023,92,1003,411,576,17,0.418,12,4,7,1,0.375,-6.96,-4,0,4,""
"new-mexico-state",1931,2023,90,961,336,611,14,0.357,6,4,1,1,0.75,-13.15,-7.73,1,4,"record adjusted to 337-610-14 by NCAA"
"new-york-university",1927,1952,24,205,97,99,9,0.495,0,0,0,0,0,-4.24,-3.23,0,0,""
"newberry",1914,1925,11,86,34,48,4,0.419,0,0,0,0,0,-9.95,-5.22,0,0,""
"norman-naval-air-station",1944,1944,1,6,6,0,0,1,0,0,0,0,0,18.01,3.51,1,0,""
"north-carolina",1902,2023,120,1278,685,541,48,0.557,38,15,23,0,0.395,4.75,2.82,17,7,"record adjusted to 669-541-48 by NCAA"
"north-carolina-pre-flight",1942,1943,2,18,10,6,2,0.611,0,0,0,0,0,3.2,2,0,0,""
"north-carolina-state",1902,2023,118,1240,614,579,46,0.514,35,17,17,1,0.5,1.74,1.35,14,7,""
"north-texas",1953,2023,59,659,284,365,11,0.439,12,2,10,0,0.167,-7.9,-5.18,0,9,"record adjusted to 287-362-11 by NCAA"
"northern-arizona",1931,1952,19,152,49,91,12,0.362,0,0,0,0,0,-17.76,-11.75,0,0,""
"northern-colorado",1923,1937,15,115,51,57,7,0.474,0,0,0,0,0,-10.73,-9.63,0,1,""
"northern-illinois",1968,2023,56,650,313,333,4,0.485,15,5,10,0,0.333,-8.01,-6.79,1,6,""
"northwestern",1892,2023,130,1295,557,695,40,0.447,17,7,10,0,0.412,2.84,5.42,13,8,"record adjusted to 558-694-40 by NCAA"
"northwestern-state",1976,1979,4,41,19,22,0,0.463,0,0,0,0,0,-12.36,-8.13,0,0,""
"notre-dame",1899,2023,117,1248,892,323,33,0.728,42,21,21,0,0.5,14.75,6.03,58,0,"record adjusted to 871-323-33 by NCAA"
"oglethorpe",1919,1925,7,69,31,35,3,0.471,0,0,0,0,0,-3.68,-1.98,0,0,""
"ohio",1962,2023,62,702,313,380,9,0.452,15,7,8,0,0.467,-8.39,-6.67,1,3,""
"ohio-state",1904,2023,112,1188,856,266,36,0.755,56,27,29,0,0.482,15.29,5.97,62,40,"record adjusted to 844-265-36 by NCAA"
"oklahoma",1903,2023,115,1270,891,321,47,0.726,57,31,25,1,0.553,12.39,3.59,61,49,""
"oklahoma-state",1914,2023,110,1186,604,535,41,0.529,34,22,12,0,0.647,2.74,1.97,16,10,""
"old-dominion",2014,2023,10,111,46,65,0,0.414,3,1,2,0,0.333,-9.12,-4.71,0,0,""
"oregon",1916,2023,106,1141,627,469,34,0.57,37,17,20,0,0.459,5.68,3.29,19,13,"record adjusted to 628-468-34 by NCAA"
"oregon-state",1916,2023,106,1122,492,590,36,0.456,18,10,8,0,0.556,1.81,3.54,11,5,"record adjusted to 496-586-36 by NCAA"
"pacific",1943,1995,47,498,209,280,9,0.429,2,1,1,0,0.5,-7.8,-5.74,1,0,"record adjusted to 211-278-9 by NCAA"
"penn-state",1889,2023,130,1346,908,401,37,0.688,53,31,20,2,0.604,9.32,2.31,44,4,""
"pennsylvania",1876,1981,105,1027,618,369,40,0.621,1,0,1,0,0,3.33,-0.42,7,1,""
"phillips",1920,1921,2,19,7,8,4,0.474,0,0,0,0,0,-6.92,-5.01,0,0,""
"pittsburgh",1905,2023,119,1266,712,508,37,0.581,37,15,22,0,0.405,7.15,4.12,21,3,"record adjusted to 713-507-37 by NCAA"
"portland",1946,1947,2,19,3,15,1,0.184,0,0,0,0,0,-21.01,-10.83,0,0,""
"prairie-view-am",1977,1977,1,11,3,8,0,0.273,0,0,0,0,0,-19.35,-10.35,0,0,""
"presbyterian",1915,1945,16,127,58,63,6,0.48,0,0,0,0,0,-5.56,-4.99,0,0,""
"princeton",1869,1981,109,918,637,233,48,0.72,0,0,0,0,0,6.03,-1.29,4,5,""
"purdue",1892,2023,132,1279,630,593,48,0.515,21,11,10,0,0.524,5.57,4.56,16,8,"record adjusted to 631-592-48 by NCAA"
"quantico-marines",1965,1965,1,10,6,4,0,0.6,0,0,0,0,0,-6.22,-12.12,0,0,""
"randolph-field",1944,1944,1,12,12,0,0,1,0,0,0,0,0,16.14,-5.11,1,0,""
"regis-co",1924,1930,3,25,9,16,0,0.36,0,0,0,0,0,-12.84,-8.99,0,0,""
"rhodes",1939,1939,1,9,3,5,1,0.389,0,0,0,0,0,-5.39,-2.5,0,0,""
"rice",1914,2023,110,1166,484,651,32,0.428,14,7,7,0,0.5,-0.56,2.3,7,8,"record adjusted to 485-650-32 by NCAA"
"richmond",1909,1983,58,565,233,305,27,0.436,2,1,1,0,0.5,-8.46,-6.07,0,4,""
"rutgers",1869,2023,109,1038,499,516,22,0.492,12,7,5,0,0.583,-3.11,-2.66,3,1,"record adjusted to 500-515-22 by NCAA"
"saint-louis",1907,1949,18,173,82,78,13,0.512,0,0,0,0,0,-6.36,-6.99,0,0,""
"saint-marys-ca",1930,1950,20,182,101,70,11,0.585,3,1,2,0,0.333,2.63,0.03,1,0,""
"saint-marys-ca-pre-flight",1942,1944,3,26,13,11,2,0.538,0,0,0,0,0,2.43,-1.77,1,0,""
"sam-houston-state",2023,2023,1,12,3,9,0,0.25,0,0,0,0,0,-10.17,-4.5,0,0,""
"samford",1907,1924,11,95,27,57,11,0.342,0,0,0,0,0,-8.87,-2.41,0,0,""
"san-diego-state",1969,2023,55,652,360,284,8,0.558,16,7,9,0,0.438,-0.09,-2.02,3,9,"record adjusted to 362-282-8 by NCAA"
"san-francisco",1932,1951,18,163,77,76,10,0.503,0,0,0,0,0,-0.9,-2.32,1,0,""
"san-jose-state",1950,2023,74,826,364,444,14,0.451,11,5,6,0,0.455,-5.48,-3.47,2,9,"record adjusted to 362-447-13 by NCAA"
"santa-clara",1932,1952,18,163,98,54,11,0.635,3,3,0,0,1,6.34,2.58,6,0,""
"second-air-force",1944,1944,1,15,10,4,1,0.7,0,0,0,0,0,12.44,-1.42,1,0,""
"sewanee",1902,1941,40,339,161,155,23,0.509,0,0,0,0,0,0.56,0.28,0,0,""
"simpson",1902,1903,2,10,3,7,0,0.3,0,0,0,0,0,-5.53,1.87,0,0,""
"south-alabama",2012,2023,12,148,60,88,0,0.405,4,1,3,0,0.25,-7.69,-4.44,0,0,""
"south-carolina",1903,2023,116,1230,601,580,41,0.509,25,10,15,0,0.4,2.15,1.87,10,1,"record adjusted to 602-579-41 by NCAA"
"south-florida",2000,2023,24,289,148,141,0,0.512,11,7,4,0,0.636,-1.31,-1.77,2,0,""
"southern",1977,1977,1,11,3,7,1,0.318,0,0,0,0,0,-15.39,-9.12,0,0,""
"southern-california",1922,2023,102,1188,791,327,40,0.7,57,36,21,0,0.632,13.8,6.23,51,39,"record adjusted to 777-327-40 by NCAA"
"southern-illinois",1972,1985,14,156,68,85,3,0.446,0,0,0,0,0,-11.97,-9.54,0,0,""
"southern-methodist",1916,2023,106,1149,534,561,54,0.488,19,7,11,1,0.395,2.12,2.5,11,11,"record adjusted to 530-555-54 by NCAA"
"southern-mississippi",1963,2023,61,705,380,318,6,0.544,23,12,11,0,0.522,-0.35,-1.98,3,5,"record adjusted to 382-316-6 by NCAA"
"southwestern-tx",1910,1921,12,78,23,49,6,0.333,0,0,0,0,0,-7.04,-1.44,0,0,""
"spring-hill",1919,1922,3,23,11,11,1,0.5,0,0,0,0,0,-3.17,-2.11,0,0,""
"springfield",1891,1892,2,21,9,11,1,0.452,0,0,0,0,0,-0.79,0.43,0,0,""
"stanford",1918,2023,103,1113,596,479,34,0.553,29,15,13,1,0.534,6.43,4.87,20,14,""
"stevens",1872,1891,19,123,36,74,13,0.346,0,0,0,0,0,-4.24,-0.35,0,0,""
"swarthmore",1888,1912,8,65,40,24,1,0.623,0,0,0,0,0,3.68,-0.98,0,0,""
"syracuse",1899,2023,122,1268,698,527,41,0.568,28,16,11,1,0.589,4.11,1.27,15,5,"record adjusted to 687-527-41 by NCAA"
"tampa",1966,1974,7,73,43,30,0,0.589,1,1,0,0,1,-3.53,-7.13,0,0,""
"temple",1930,2023,76,810,340,444,26,0.436,9,3,6,0,0.333,-3.35,-0.97,1,1,"record adjusted to 335-449-26 by NCAA"
"tennessee",1902,2023,119,1302,851,396,51,0.675,56,31,25,0,0.554,10.08,3.63,45,13,"record adjusted to 852-396-50 by NCAA"
"tennessee-medical-college",1904,1904,1,6,2,4,0,0.333,0,0,0,0,0,-9.28,2.06,0,0,""
"tennessee-state",1977,1977,1,10,8,1,1,0.85,0,0,0,0,0,3.58,-8.72,0,0,""
"texas",1902,2023,122,1313,897,382,32,0.696,59,31,26,2,0.542,11.9,4.17,50,31,"record adjusted to 898-382-31 by NCAA"
"texas-am",1903,2023,121,1293,756,491,44,0.603,43,20,23,0,0.465,7.96,3.29,28,18,""
"texas-arlington",1971,1981,11,120,49,71,0,0.408,0,0,0,0,0,-9.71,-6.19,0,1,""
"texas-christian",1903,2023,118,1272,664,554,50,0.543,36,18,17,1,0.514,2.91,1.86,21,17,"record adjusted to 664-553-50 by NCAA"
"texas-el-paso",1935,2023,86,945,344,581,18,0.374,15,5,10,0,0.333,-9.45,-5.08,0,2,""
"texas-san-antonio",2012,2023,12,149,80,69,0,0.537,5,1,4,0,0.2,-5.24,-5.29,0,2,""
"texas-southern",1977,1977,1,11,6,4,1,0.591,0,0,0,0,0,-5.98,-9.98,0,0,""
"texas-state",2012,2023,12,145,48,97,0,0.331,1,1,0,0,1,-11.39,-5.1,0,0,""
"texas-tech",1932,2023,92,1047,566,455,24,0.553,41,17,23,1,0.427,4,2.01,11,11,""
"toledo",1962,2023,62,715,420,285,8,0.595,21,11,10,0,0.524,-4.02,-7.09,4,12,"record adjusted to 422-283-8 by NCAA"
"trinity-ct",1887,1901,15,126,50,62,14,0.452,0,0,0,0,0,-4.52,-2.66,0,0,""
"troy",2001,2023,23,284,159,125,0,0.56,10,6,4,0,0.6,-3.07,-4.94,1,8,""
"tufts",1877,1905,17,178,70,103,5,0.407,0,0,0,0,0,-6.06,-2.49,0,0,""
"tulane",1902,2023,119,1228,540,651,35,0.455,16,7,9,0,0.438,0.4,1.82,8,5,"record adjusted to 539-652-35 by NCAA"
"tulsa",1917,2023,92,1011,511,481,18,0.515,23,11,12,0,0.478,-1.48,-2.21,8,27,""
"ucla",1928,2023,96,1072,615,409,31,0.598,38,17,20,1,0.461,9.04,5.56,32,17,"record adjusted to 608-416-31 by NCAA"
"union-ny",1894,1902,3,18,3,15,0,0.167,0,0,0,0,0,-10.45,3.85,0,0,""
"utah",1905,2023,117,1178,688,459,30,0.597,26,17,9,0,0.654,2.41,-1.78,11,26,""
"utah-state",1912,2023,109,1108,538,542,28,0.498,16,6,10,0,0.375,-4.88,-4.82,4,13,"record adjusted to 542-539-27 by NCAA"
"vanderbilt",1902,2023,120,1241,556,642,43,0.465,9,4,4,1,0.5,3.34,3.55,3,0,"record adjusted to 557-641-43 by NCAA"
"vermont",1901,1905,5,48,21,22,5,0.49,0,0,0,0,0,-3,-1.06,0,0,""
"villanova",1905,1980,59,547,270,260,17,0.509,5,2,2,1,0.5,-2.26,-3.09,3,0,""
"virginia",1890,2023,120,1250,602,611,37,0.496,21,8,13,0,0.381,0.99,0.6,9,2,""
"virginia-military-institute",1904,1981,70,684,306,344,34,0.472,0,0,0,0,0,-5.27,-4.03,1,7,""
"virginia-tech",1902,2023,120,1270,737,488,44,0.598,35,14,21,0,0.4,3.16,-0.95,20,8,"record adjusted to 738-487-44 by NCAA"
"wabash",1904,1905,2,17,8,9,0,0.471,0,0,0,0,0,4.55,1.77,0,0,""
"wake-forest",1908,2023,116,1194,482,681,31,0.417,17,11,6,0,0.647,-2.36,0.85,5,2,""
"washburn",1905,1940,7,68,29,38,1,0.434,0,0,0,0,0,-11.77,-8.8,0,0,""
"washington",1916,2023,107,1139,669,438,32,0.601,41,20,20,1,0.5,8.11,4.29,26,20,"record adjusted to 672-435-32 by NCAA"
"washington-jefferson",1905,1934,30,288,196,71,21,0.717,1,0,0,1,0.5,4.77,-2.83,0,0,""
"washington-lee",1907,1953,44,390,191,174,25,0.522,1,0,1,0,0,-0.76,-1.91,1,2,""
"washington-mo",1902,1942,40,331,147,165,19,0.473,0,0,0,0,0,-5.13,-4.22,0,3,""
"washington-state",1917,2023,104,1091,499,549,38,0.477,17,7,10,0,0.412,2.5,3.26,12,4,"record adjusted to 501-547-38 by NCAA"
"wesleyan-ct",1882,1905,24,217,92,118,7,0.44,0,0,0,0,0,0.49,3.84,0,0,""
"west-texas-am",1941,1985,44,447,212,225,9,0.485,4,4,0,0,1,-8.65,-8.69,0,4,""
"west-virginia",1909,2023,111,1213,693,467,41,0.594,40,17,23,0,0.425,3.98,0.5,20,15,""
"west-virginia-wesleyan",1913,1916,4,33,16,16,1,0.5,0,0,0,0,0,-1.55,-1.37,0,0,""
"western-carolina",1977,1981,5,55,25,28,2,0.473,0,0,0,0,0,-8,-8.33,0,0,""
"western-kentucky",2008,2023,16,205,106,99,0,0.517,10,7,3,0,0.7,-4.02,-5.09,1,2,""
"western-michigan",1962,2023,62,693,358,328,7,0.522,10,2,8,0,0.2,-6.45,-7.21,1,3,"record adjusted to 359-327-7 by NCAA"
"western-state",1924,1937,14,96,20,76,0,0.208,0,0,0,0,0,-20.15,-8.96,0,0,""
"whitman",1923,1924,2,12,2,10,0,0.167,0,0,0,0,0,-13.95,1.72,0,0,""
"wichita-state",1945,1986,42,433,167,254,12,0.4,3,0,3,0,0,-10.37,-6.4,0,5,"record adjusted to 168-253-12 by NCAA"
"william-mary",1922,1983,55,560,260,279,20,0.483,3,1,2,0,0.333,-4.63,-4.51,3,4,""
"williams",1886,1906,21,211,107,90,14,0.54,0,0,0,0,0,1.28,0.17,0,0,""
"wisconsin",1892,2023,132,1310,737,513,52,0.586,35,19,16,0,0.543,8.27,4.77,26,14,"record adjusted to 738-512-52 by NCAA"
"wofford",1914,1936,15,128,36,88,4,0.297,0,0,0,0,0,-13.04,-5.23,0,0,""
"wpi",1888,1893,2,11,3,7,1,0.318,0,0,0,0,0,-12.11,-1.48,0,0,""
"wyoming",1905,2023,112,1155,540,585,26,0.48,19,10,9,0,0.526,-4.52,-3.23,4,14,"record adjusted to 541-584-26 by NCAA"
"xavier",1935,1973,16,161,71,86,4,0.453,0,0,0,0,0,-11.6,-8.18,0,0,""
"yale",1872,1981,108,973,717,203,53,0.764,0,0,0,0,0,7.88,-1.09,4,11,""
